{
  "project_info": {
    "project_number": "305330370121",
    "firebase_url": "https://capital-booze.firebaseio.com",
    "project_id": "capital-booze",
    "storage_bucket": "capital-booze.appspot.com"
  },
  "client": [
    {
      "client_info": {
        "mobilesdk_app_id": "1:305330370121:android:09ef9ca7b74457e0",
        "android_client_info": {
          "package_name": "com.tanghe.garben.capitalbooze"
        }
      },
      "oauth_client": [
        {
          "client_id": "305330370121-n7qe6sbbpu1k4igkd769j0oeu20h17de.apps.googleusercontent.com",
          "client_type": 1,
          "android_info": {
            "package_name": "com.tanghe.garben.capitalbooze",
            "certificate_hash": "e15e848d557d0c45155ee5e01e2c87de38c5bd94"
          }
        },
        {
          "client_id": "305330370121-t8thhbj67ul8lo7v7hmb5vhub7hvhphe.apps.googleusercontent.com",
          "client_type": 1,
          "android_info": {
            "package_name": "com.tanghe.garben.capitalbooze",
            "certificate_hash": "d80bba9b5057b90f62cdf9ff262bc5821906b0c8"
          }
        },
        {
          "client_id": "305330370121-2007n1e7hdirfcu07lhtm2aa1im8uhrm.apps.googleusercontent.com",
          "client_type": 3
        }
      ],
      "api_key": [
        {
          "current_key": "AIzaSyD30TGT5RgkOd6ilmKiXpn_j0LnsoqB8Wk"
        }
      ],
      "services": {
        "analytics_service": {
          "status": 1
        },
        "appinvite_service": {
          "status": 1,
          "other_platform_oauth_client": []
        },
        "ads_service": {
          "status": 2
        }
      }
    }
  ],
  "configuration_version": "1"
}